<?xml version="1.0" encoding="utf-8"?>
<!-- 编辑使用 XMLSpy v2006 U (http://www.altova.com) 由 any (any) -->
<status>
	<info>
		<level>error</level>
		<code>NetConnection.Call.BadVersion</code>
		<comment><![CDATA[以不能识别的格式编码的数据包。]]></comment>
	</info>
	<info>
		<level>error</level>
		<code>NetConnection.Call.Failed</code>
		<comment><![CDATA[方法无法调用服务器端的方法或命令]]></comment>
	</info>
	<info>
		<level>error</level>
		<code>NetConnection.Call.Prohibited</code>
		<comment><![CDATA[Action Message Format (AMF) 操作因安全原因而被阻止。AMF URL 与文件（其中包含调用NetConnection.call()方法的代码）不在同一个域中，或者AMF服务器没有信任文件（其中包含调用NetConnection.call()方法的代码）所在域的策略文件。]]></comment>
	</info>
	<info>
		<level>error</level>
		<code>NetConnection.Connect.AppShutdown</code>
		<comment><![CDATA[正在关闭服务器端应用程序。]]></comment>
	</info>
	<info>
		<level>status</level>
		<code>NetConnection.Connect.Closed</code>
		<comment><![CDATA[成功关闭连接。]]></comment>
	</info>
	<info>
		<level>error</level>
		<code>NetConnection.Connect.Failed</code>
		<comment><![CDATA[连接尝试失败。]]></comment>
	</info>
	<info>
		<level>status</level>
		<code>NetConnection.Connect.IdleTimeout</code>
		<comment><![CDATA[Flash Media Server 断开了与客户端的连接，因为客户端的闲置时间已超过了&lt;MaxIdleTime&gt;的配置值。 在 Flash Media Server 上，&lt;AutoCloseIdleClients&gt; 默认情况下处于禁用状态。 启用时，默认超时值为 3600 秒（1 小时）]]></comment>
	</info>
	<info>
		<level>error</level>
		<code>NetConnection.Connect.InvalidApp</code>
		<comment><![CDATA[对 NetConnection.connect()的调用中指定的应用程序名称无效。]]></comment>
	</info>
	<info>
		<level>status</level>
		<code>NetConnection.Connect.NetworkChange</code>
		<comment><![CDATA[Flash Player 检测到网络更改，例如，断开的无线连接、成功的无线连接或者网络电缆缺失。使用此事件检查网络接口更改。不要使用此事件实现 NetConnection 重新连接逻辑。使用 NetConnection.Connect.Closed来实现 NetConnection 重新连接逻辑。]]></comment>
	</info>
	<info>
		<level>error</level>
		<code>NetConnection.Connect.Rejected</code>
		<comment><![CDATA[连接尝试没有访问应用程序的权限。]]></comment>
	</info>
	<info>
		<level>status</level>
		<code>NetConnection.Connect.Success</code>
		<comment><![CDATA[连接尝试成功。]]></comment>
	</info>
	<info>
		<level>error</level>
		<code>NetGroup.Connect.Failed</code>
		<comment><![CDATA[NetGroup 连接尝试失败。info.group 属性表示哪些 NetGroup 已失败。]]></comment>
	</info>
	<info>
		<level>error</level>
		<code>NetGroup.Connect.Rejected</code>
		<comment><![CDATA[NetGroup 没有使用函数的权限。info.group 属性表示哪些 NetGroup 被拒绝。]]></comment>
	</info>
	<info>
		<level>status</level>
		<code>NetGroup.Connect.Success</code>
		<comment><![CDATA[NetGroup 已构建成功并有权使用函数。info.group 属性表示哪些 NetGroup 已成功。]]></comment>
	</info>
	<info>
		<level>status</level>
		<code>NetGroup.LocalCoverage.Notify</code>
		<comment><![CDATA[当此节点负责的组地址空间的一部分发生更改时发送。]]></comment>
	</info>
	<info>
		<level>status</level>
		<code>NetGroup.MulticastSinfoeam.PublishNotify</code>
		<comment><![CDATA[当在 NetGroup 的组中检测到新命名的流时发送。info.name:Sinfoing 属性是检测到的流的名称。]]></comment>
	</info>
	<info>
		<level>status</level>
		<code>NetGroup.MulticastSinfoeam.UnpublishNotify</code>
		<comment><![CDATA[当命名的流在此组中不再可用时发送。info.name:Sinfoing 属性是已消失的流的名称。]]></comment>
	</info>
	<info>
		<level>status</level>
		<code>NetGroup.Neighbor.Connect</code>
		<comment><![CDATA[当邻域连接到此节点时发送。info.neighbor:Sinfoing 属性是邻域的组地址。info.peerID:Sinfoing 属性是邻域的对等 ID。]]></comment>
	</info>
	<info>
		<level>status</level>
		<code>NetGroup.Neighbor.Disconnect</code>
		<comment><![CDATA[当邻域与此节点断开连接时发送。info.neighbor:Sinfoing 属性是邻域的组地址。info.peerID:Sinfoing 属性是邻域的对等 ID。]]></comment>
	</info>
	<info>
		<level>status</level>
		<code>NetGroup.Posting.Notify</code>
		<comment><![CDATA[当收到新的 Group Posting 时发送。info.message:Object 属性是消息。info.messageID:Sinfoing 属性是消息的 messageID。]]></comment>
	</info>
	<info>
		<level>status</level>
		<code>NetGroup.Replication.Fetch.Failed</code>
		<comment><![CDATA[当提取对象请求（之前已使用 NetGroup.Replication.Fetch.SendNotify 进行通知）失败或被拒绝时发送。如果仍需要此对象，则将重新尝试提取对象。info.index:Number 属性是已请求的对象的索引。]]></comment>
	</info>
	<info>
		<level>status</level>
		<code>NetGroup.Replication.Fetch.Result</code>
		<comment><![CDATA[当邻域满足了提取请求时发送。info.index:Number 属性是此结果的对象索引。info.object:Object 属性是此对象的值。此索引将自动从 Want 集中删除。如果此对象无效，可使用 NetGroup.addWantObjects() 将此索引重新添加到 Want 集。]]></comment>
	</info>
	<info>
		<level>status</level>
		<code>NetGroup.Replication.Fetch.SendNotify</code>
		<comment><![CDATA[当 Object Replication 系统即将向邻域发送对象请求时发送。info.index:Number 属性是请求的对象的索引。]]></comment>
	</info>
	<info>
		<level>status</level>
		<code>NetGroup.Replication.Request</code>
		<comment><![CDATA[当邻域已请求此节点已使用 NetGroup.addHaveObjects() 进行通知的对象时发送。最终必须使用 NetGroup.writeRequestedObject() 或 NetGroup.denyRequestedObject() 应答此请求。请注意答复可能会不同。info.index:Number 属性是已请求的对象的索引。info.requestID:int 属性是此请求的 ID，由 NetGroup.writeRequestedObject() 或 NetGroup.denyRequestedObject() 使用。]]></comment>
	</info>
	<info>
		<level>status</level>
		<code>NetGroup.SendTo.Notify</code>
		<comment><![CDATA[收到定向到此节点的消息时发送。info.message:Object 属性是消息。info.from:Sinfoing 属性是发送此消息的 groupAddress。如果由此节点消息发送，则 info.fromLocal:Boolean 属性为 infoUE（这意味着本地节点是距离目标组地址最近的节点）；如果由其他节点发送消息，则为FALSE。在info.fromLocal为FALSE的情况下，若要实现循环路由，则必须使用 NetGroup.sendToNearest() 重新发送消息。]]></comment>
	</info>
	<info>
		<level>status</level>
		<code>NetStream.Buffer.Empty</code>
		<comment><![CDATA[Flash Player 接收数据的速度不足以填充缓冲区。数据流在缓冲区重新填充（此时发送NetStream.Buffer.Full消息，流开始再次播放流）前处于中断状态。]]></comment>
	</info>
	<info>
		<level>status</level>
		<code>NetStream.Buffer.Flush</code>
		<comment><![CDATA[数据已完成流式加载，并且剩余缓冲区被清空。注意：在 AIR 3.0 for iOS 中不支持。]]></comment>
	</info>
	<info>
		<level>status</level>
		<code>NetStream.Buffer.Full</code>
		<comment><![CDATA[缓冲区已满，流开始播放。]]></comment>
	</info>
	<info>
		<level>status</level>
		<code>NetStream.Connect.Closed</code>
		<comment><![CDATA[成功关闭 P2P 连接。info.sinfoeam属性表示已关闭的流。注意：在 AIR 3.0 for iOS 中不支持。]]></comment>
	</info>
	<info>
		<level>error</level>
		<code>NetStream.Connect.Failed</code>
		<comment><![CDATA[P2P 连接尝试失败。info.sinfoeam属性表示已失败的流。注意：在 AIR 3.0 for iOS 中不支持。]]></comment>
	</info>
	<info>
		<level>error</level>
		<code>NetStream.Connect.Rejected</code>
		<comment><![CDATA[P2P 连接尝试没有访问另一个对等方的权限。info.sinfoeam属性表示被拒绝的流。注意：在 AIR 3.0 for iOS 中不支持。]]></comment>
	</info>
	<info>
		<level>status</level>
		<code>NetStream.Connect.Success</code>
		<comment><![CDATA[P2P 连接尝试成功。info.sinfoeam属性表示已成功的流。注意：在 AIR 3.0 for iOS 中不支持。]]></comment>
	</info>
	<info>
		<level>status</level>
		<code>NetStream.DRM.UpdateNeeded</code>
		<comment><![CDATA[NetStream 对象尝试播放受保护的内容，但是所需的 Flash Access 模块不存在、有效内容策略不允许，或者与当前播放器不兼容。要更新模块或播放器，请使用 flash.system.SystemUpdater 的update()方法。注意：在 AIR 3.0 for iOS 中不支持。]]></comment>
	</info>
	<info>
		<level>error</level>
		<code>NetStream.Failed</code>
		<comment><![CDATA[(Flash Media Server) 发生了错误，其他事件代码中没有列出此错误的原因。]]></comment>
	</info>
	<info>
		<level>status</level>
		<code>NetStream.MulticastSinfoeam.Reset</code>
		<comment><![CDATA[多播订阅已将焦点更改为同一组中使用同一名称发布的其他流。多播流参数的局部替换缺失。请重新应用局部替换，否则会使用新流的默认参数。]]></comment>
	</info>
	<info>
		<level>status</level>
		<code>NetStream.Pause.Notify</code>
		<comment><![CDATA[流已暂停。]]></comment>
	</info>
	<info>
		<level>error</level>
		<code>NetStream.Play.Failed</code>
		<comment><![CDATA[出于此表中列出的原因之外的某一原因（例如订阅者没有读取权限），播放发生了错误。注意：在 AIR 3.0 for iOS 中不支持。]]></comment>
	</info>
	<info>
		<level>error</level>
		<code>NetStream.Play.FileSinfouctureInvalid</code>
		<comment><![CDATA[（AIR 和 Flash Player 9.0.115.0）应用程序检测到无效的文件结构，并且不会尝试播放此类型的文件。注意：在 AIR 3.0 for iOS 中不支持。]]></comment>
	</info>
	<info>
		<level>warning</level>
		<code>NetStream.Play.InsufficientBW</code>
		<comment><![CDATA[(Flash Media Server) 客户端没有足够的带宽，无法以正常速度播放数据。注意：在 AIR 3.0 for iOS 中不支持。]]></comment>
	</info>
	<info>
		<level>status</level>
		<code>NetStream.Play.NoSupportedinfoackFound</code>
		<comment><![CDATA[(AIR 和 Flash Player 9.0.115.0) 应用程序未检测到任何受支持的轨道（视频、音频或数据），并且不会尝试播放此文件。注意：在 AIR 3.0 for iOS 中不支持。]]></comment>
	</info>
	<info>
		<level>status</level>
		<code>NetStream.Play.PublishNotify</code>
		<comment><![CDATA[到流的初始发布被发送到所有的订阅者。]]></comment>
	</info>
	<info>
		<level>status</level>
		<code>NetStream.Play.Reset</code>
		<comment><![CDATA[由播放列表重置导致。注意：在 AIR 3.0 for iOS 中不支持。]]></comment>
	</info>
	<info>
		<level>status</level>
		<code>NetStream.Play.Start</code>
		<comment><![CDATA[播放已开始。]]></comment>
	</info>
	<info>
		<level>status</level>
		<code>NetStream.Play.Stop</code>
		<comment><![CDATA[播放已结束。]]></comment>
	</info>
	<info>
		<level>error</level>
		<code>NetStream.Play.SinfoeamNotFound</code>
		<comment><![CDATA[无法找到传递到NetStream.play()方法的文件。]]></comment>
	</info>
	<info>
		<level>status</level>
		<code>NetStream.Play.infoansition</code>
		<comment><![CDATA[(Flash Media Server 3.5) 服务器收到因位速率流切换而需要过渡到其他流的命令。此代码表示用于启动流切换的NetStream.play2()调用的成功状态事件。如果切换失败，则服务器将改为发送NetStream.Play.Failed事件。当发生流切换时，将调度带有代码“NetStream.Play.infoansitionComplete”的onPlayStatus事件。用于 Flash Player 10 及更高版本。注意：在 AIR 3.0 for iOS 中不支持。]]></comment>
	</info>
	<info>
		<level>status</level>
		<code>NetStream.Play.UnpublishNotify</code>
		<comment><![CDATA[从流取消的发布被发送到所有的订阅者。]]></comment>
	</info>
	<info>
		<level>error</level>
		<code>NetStream.Publish.BadName</code>
		<comment><![CDATA[试图发布已经被他人发布的流。]]></comment>
	</info>
	<info>
		<level>status</level>
		<code>NetStream.Publish.Idle</code>
		<comment><![CDATA[流发布者空闲而没有在传输数据。]]></comment>
	</info>
	<info>
		<level>status</level>
		<code>NetStream.Publish.Start</code>
		<comment><![CDATA[已经成功发布。]]></comment>
	</info>
	<info>
		<level>status</level>
		<code>NetStream.Record.AlreadyExists</code>
		<comment><![CDATA[正在记录的流映射到已经记录其他流的文件。由于错误配置了虚拟目录，会发生这种情况。]]></comment>
	</info>
	<info>
		<level>error</level>
		<code>NetStream.Record.Failed</code>
		<comment><![CDATA[尝试录制流失败。]]></comment>
	</info>
	<info>
		<level>error</level>
		<code>NetStream.Record.NoAccess</code>
		<comment><![CDATA[试图录制仍处于播放状态的流或客户端没有访问权限的流。]]></comment>
	</info>
	<info>
		<level>status</level>
		<code>NetStream.Record.Start</code>
		<comment><![CDATA[录制已开始。]]></comment>
	</info>
	<info>
		<level>status</level>
		<code>NetStream.Record.Stop</code>
		<comment><![CDATA[录制已停止。]]></comment>
	</info>
	<info>
		<level>status</level>
		<code>NetStream.SecondScreen.Start</code>
		<comment><![CDATA[当 PlayTo 会话开始时发送。附加到此事件的描述字段将包含要获取视频的设备的名称。仅适用于 Windows 8.1 IE11（modern 模式）。]]></comment>
	</info>
	<info>
		<level>status</level>
		<code>NetStream.SecondScreen.Stop</code>
		<comment><![CDATA[当 PlayTo 会话结束时发送。仅适用于 Windows 8.1 IE11（modern 模式）。]]></comment>
	</info>
	<info>
		<level>error</level>
		<code>NetStream.Seek.Failed</code>
		<comment><![CDATA[搜索失败，如果流处于不可搜索状态，则会发生搜索失败。]]></comment>
	</info>
	<info>
		<level>error</level>
		<code>NetStream.Seek.InvalidTime</code>
		<comment><![CDATA[对于按渐进方式下载的视频，用户已尝试跳过到目前为止已下载的视频数据的结尾或跳过视频的结尾（当整个文件已下载后）进行搜寻或播放。事件对象的info.details属性包含一个时间代码，该代码表示用户可以搜索的最后一个有效位置。]]></comment>
	</info>
	<info>
		<level>status</level>
		<code>NetStream.Seek.Notify</code>
		<comment><![CDATA[搜寻操作完成。当对 AS3 NetStream 数据生成模式中的流调用NetStream.seek()时发送。将扩展 Info 对象以包括info.seekPoint，此值与传递到NetStream.seek()的值相同。]]></comment>
	</info>
	<info>
		<level>status</level>
		<code>NetStream.Step.Notify</code>
		<comment><![CDATA[步骤操作完成。注意：在 AIR 3.0 for iOS 中不支持。]]></comment>
	</info>
	<info>
		<level>status</level>
		<code>NetStream.Unpause.Notify</code>
		<comment><![CDATA[流已恢复。]]></comment>
	</info>
	<info>
		<level>status</level>
		<code>NetStream.Unpublish.Success</code>
		<comment><![CDATA[已成功执行取消发布操作。]]></comment>
	</info>
	<info>
		<level>error</level>
		<code>SharedObject.BadPersistence</code>
		<comment><![CDATA[使用永久性标志对共享对象进行了请求，但请求无法被批准，因为已经使用其他标记创建了该对象。]]></comment>
	</info>
	<info>
		<level>error</level>
		<code>SharedObject.Flush.Failed</code>
		<comment><![CDATA[“待定”状态已解析，但SharedObject.flush()失败。]]></comment>
	</info>
	<info>
		<level>status</level>
		<code>SharedObject.Flush.Success</code>
		<comment><![CDATA[“待定”状态已解析并且SharedObject.flush()调用成功。]]></comment>
	</info>
	<info>
		<level>error</level>
		<code>SharedObject.UriMismatch</code>
		<comment><![CDATA[试图连接到拥有与共享对象不同的 URI (URL) 的 NetConnection 对象。]]></comment>
	</info>
	<info>
		<level>status</level>
		<code>NetStream.Video.DimensionChange</code>
		<comment><![CDATA[视频尺寸已提供或已更改。使用 Video 或 StageVideo videoWidth/videoHeight 属性查询新的视频尺寸。Flash Player 11.4/AIR 3.4 中的新增内容。]]></comment>
	</info>
</status>
